GEOID,NAME,geometry,Hispanic,White,Black,American Indian,Asian,Native Hawaiian,Other Race,Two or More,Total,Total 18+,Under 18
55079000900,"Census Tract 9, Milwaukee County, Wisconsin","list(list(c(-87.965482, -87.965198, -87.957507, -87.96031, -87.958116, -87.950791, -87.946482, -87.945139, -87.945433, -87.954758, -87.952608, -87.951585, -87.948422, -87.95176, -87.953405, -87.955216, -87.964914, -87.965704, -87.965482, 43.148584, 43.155868, 43.155815, 43.162278, 43.163087, 43.163034, 43.159724, 43.158692, 43.148371, 43.148488, 43.143508, 43.141156, 43.133784, 43.133826, 43.135394, 43.134803, 43.141274, 43.141805, 43.148584)))",0.05319750990379174,0.1366723259762309,0.6989247311827957,0.001697792869269949,0.06395019807583475,5.659309564233164e-4,0.00311262026032824,0.04187889077532541,3534,2106,1428
55079001000,"Census Tract 10, Milwaukee County, Wisconsin","list(list(c(-87.96333, -87.962144, -87.95973, -87.958547, -87.956115, -87.95189, -87.952449, -87.953405, -87.95176, -87.948422, -87.947742, -87.946027, -87.946138, -87.946209, -87.945435, -87.94626, -87.949034, -87.950593, -87.952612, -87.956252, -87.958697, -87.959907, -87.963495, -87.96333, 43.126598, 43.126587, 43.126566, 43.126555, 43.126534, 43.126511, 43.131355, 43.135394, 43.133826, 43.133784, 43.132298, 43.128291, 43.122752, 43.120892, 43.11912, 43.119135, 43.11917, 43.119278, 43.119109, 
43.119156, 43.119174, 43.119184, 43.119196, 43.126598)))",0.05845323741007194,0.12170263788968826,0.7586930455635491,0.001498800959232614,0.015587529976019185,0,0.004796163069544364,0.03926858513189448,3336,2145,1191
55079001100,"Census Tract 11, Milwaukee County, Wisconsin","list(list(c(-87.984558, -87.975748, -87.965978, -87.956397, -87.955216, -87.953405, -87.952449, -87.95189, -87.956115, -87.958547, -87.95973, -87.962144, -87.96333, -87.963495, -87.964679, -87.96627, -87.967602, -87.976238, -87.981155, -87.98099, -87.98097, -87.983545, -87.985737, -87.984558, 43.133938, 43.133942, 43.133932, 43.13406, 43.134803, 43.135394, 43.131355, 43.126511, 43.126534, 43.126555, 43.126566, 43.126587, 43.126598, 43.119196, 43.119287, 43.119293, 43.119299, 43.119338, 43.119334, 
43.126626, 43.129694, 43.131987, 43.133937, 43.133938)))",0.030211480362537766,0.06986404833836858,0.8379909365558912,0.0026435045317220545,0.02039274924471299,0,0.004154078549848943,0.03474320241691843,2648,1699,949
55079001200,"Census Tract 12, Milwaukee County, Wisconsin","list(list(c(-87.990967, -87.990945, -87.990899, -87.990887, -87.990847, -87.985737, -87.983545, -87.98097, -87.98099, -87.981155, -87.983613, -87.988337, -87.991096, -87.990967, 43.123046, 43.124857, 43.126689, 43.129518, 43.133987, 43.133937, 43.131987, 43.129694, 43.126626, 43.119334, 43.11933, 43.119361, 43.119406, 43.123046)))",0.038781163434903045,0.04189750692520776,0.6793628808864266,0.0013850415512465374,0.21191135734072022,0,0.001038781163434903,0.025623268698060944,2888,1660,1228
55079001400,"Census Tract 14, Milwaukee County, Wisconsin","list(list(c(-88.025538, -88.025439, -88.015654, -88.015615, -88.010722, -88.00567, -88.005895, -88.015756, -88.020941, -88.025675, -88.025538, 43.131093, 43.134061, 43.134105, 43.134106, 43.134122, 43.134149, 43.12953, 43.127864, 43.126959, 43.126161, 43.131093)))",0.03508771929824561,0.09385964912280702,0.6456140350877193,0.0013157894736842105,0.17280701754385966,0,0.0017543859649122807,0.04956140350877193,2280,1366,914
55079001500,"Census Tract 15, Milwaukee County, Wisconsin","list(list(c(-88.025675, -88.020941, -88.015756, -88.005895, -88.005955, -88.005997, -88.009781, -88.012062, -88.014043, -88.025884, -88.025675, 43.126161, 43.126959, 43.127864, 43.12953, 43.126868, 43.119525, 43.119571, 43.119567, 43.119563, 43.119515, 43.126161)))",0.031486146095717885,0.09855163727959698,0.5947732997481109,0.003778337531486146,0.23929471032745592,6.297229219143577e-4,0.0025188916876574307,0.028967254408060455,3176,2027,1149
55079001600,"Census Tract 16, Milwaukee County, Wisconsin","list(list(c(-88.025884, -88.014043, -88.012062, -88.009781, -88.005997, -88.006052, -88.007546, -88.014612, -88.015804, -88.01693, -88.023158, -88.024609, -88.025934, -88.025884, 43.119515, 43.119563, 43.119567, 43.119571, 43.119525, 43.112279, 43.112273, 43.112242, 43.112236, 43.112237, 43.112244, 43.111587, 43.112576, 43.119515)))",0.04594400574300072,0.09798994974874371,0.7638190954773869,3.589375448671931e-4,0.06676238334529792,3.589375448671931e-4,0.0014357501794687725,0.023330940416367553,2786,1724,1062
55079001800,"Census Tract 18, Milwaukee County, Wisconsin","list(list(c(-88.005997, -88.004058, -88.002214, -88.001018, -87.998528, -87.997297, -87.996049, -87.994773, -87.991096, -87.991043, -87.991174, -87.993607, -87.994842, -87.996073, -88.001452, -88.001943, -88.002553, -88.003529, -88.006052, -88.005997, 43.119525, 43.119464, 43.119544, 43.119533, 43.11951, 43.119499, 43.119488, 43.119467, 43.119406, 43.116254, 43.112097, 43.112127, 43.112143, 43.112158, 43.112246, 43.112672, 43.11232, 43.112218, 43.112279, 43.119525)))",0.05540780141843971,0.11037234042553191,0.7322695035460993,8.865248226950354e-4,0.06959219858156028,0,0.002216312056737589,0.02925531914893617,2256,1480,776
55079001900,"Census Tract 19, Milwaukee County, Wisconsin","list(list(c(-87.991043, -87.991096, -87.988337, -87.983613, -87.981155, -87.976238, -87.976279, -87.976319, -87.981253, -87.984953, -87.986191, -87.990463, -87.991174, -87.991043, 43.116254, 43.119406, 43.119361, 43.11933, 43.119334, 43.119338, 43.115661, 43.111991, 43.112013, 43.11203, 43.112036, 43.112088, 43.112097, 43.116254)))",0.04171779141104295,0.09969325153374232,0.7739263803680981,0.00245398773006135,0.05122699386503068,3.0674846625766873e-4,0.006748466257668712,0.02392638036809816,3260,2062,1198
55079002000,"Census Tract 20, Milwaukee County, Wisconsin","list(list(c(-87.976279, -87.976238, -87.967602, -87.96627, -87.964679, -87.963495, -87.959907, -87.959997, -87.960036, -87.960076, -87.96108, -87.963324, -87.965033, -87.966411, -87.968933, -87.971314, -87.976319, -87.976279, 43.115661, 43.119338, 43.119299, 43.119293, 43.119287, 43.119196, 43.119184, 43.115606, 43.113784, 43.111936, 43.111941, 43.11195, 43.111957, 43.111963, 43.111971, 43.111977, 43.111991, 43.115661)))",0.05648986632169038,0.06338939197930142,0.8240620957309185,8.624407072013799e-4,0.007330746011211729,4.3122035360068997e-4,0.008193186718413108,0.039241052177662786,2319,1524,795
55079002100,"Census Tract 21, Milwaukee County, Wisconsin","list(list(c(-87.960036, -87.959997, -87.959907, -87.958697, -87.956252, -87.952612, -87.950593, -87.949034, -87.94626, -87.946469, -87.949946, -87.954001, -87.956443, -87.960076, -87.960036, 43.113784, 43.115606, 43.119184, 43.119174, 43.119156, 43.119109, 43.119278, 43.11917, 43.119135, 43.111819, 43.111854, 43.111895, 43.11192, 43.111936, 43.113784)))",0.037253141831238776,0.05341113105924596,0.8689407540394973,4.488330341113106e-4,0.008976660682226212,0,0.0013464991023339318,0.0296229802513465,2228,1477,751
55079002200,"Census Tract 22, Milwaukee County, Wisconsin","list(list(c(-87.94626, -87.945435, -87.945041, -87.94603, -87.943893, -87.943958, -87.945752, -87.945295, -87.94359, -87.943404, -87.938497, -87.940051, -87.94005, -87.934862, -87.933251, -87.927326, -87.927712, -87.920835, -87.922304, -87.923429, -87.924066, -87.924203, -87.924082, -87.923856, -87.924215, -87.925601, -87.925866, -87.925989, -87.926777, -87.927581, -87.928307, -87.929808, -87.931384, -87.933486, -87.932856, -87.937004, -87.939118, -87.939337, -87.942378, -87.946469, -87.94626, 43.119135, 
43.11912, 43.117385, 43.115508, 43.115459, 43.113205, 43.113348, 43.112272, 43.112974, 43.115437, 43.115381, 43.117019, 43.119029, 43.11894, 43.115266, 43.115173, 43.118812, 43.118704, 43.116832, 43.115544, 43.114045, 43.11313, 43.112001, 43.111527, 43.111167, 43.110632, 43.110591, 43.110662, 43.11074, 43.110515, 43.110089, 43.109026, 43.113181, 43.113806, 43.111614, 43.111667, 43.111714, 43.111719, 43.112216, 43.111819, 43.119135)))",0.0876803551609323,0.27968923418423974,0.548834628190899,0.001664816870144284,0.025527192008879023,0,0.00388457269700333,0.05271920088790233,1802,1163,639
55079002300,"Census Tract 23, Milwaukee County, Wisconsin","list(list(c(-87.946543, -87.946503, -87.946503, -87.946469, -87.942378, -87.939337, -87.939118, -87.937004, -87.932856, -87.933486, -87.931384, -87.929808, -87.930952, -87.930183, -87.926297, -87.925051, -87.928591, -87.927036, -87.927655, -87.927975, -87.942862, -87.94637, -87.946655, -87.946543, 43.108381, 43.109769, 43.1104, 43.111819, 43.112216, 43.111719, 43.111714, 43.111667, 43.111614, 43.113806, 43.113181, 43.109026, 43.107993, 43.106893, 43.105459, 43.10031, 43.100419, 43.097758, 43.097959, 
43.098061, 43.102847, 43.103965, 43.104498, 43.108381)))",0.04746108701199286,0.030620056136769585,0.8861954580250064,0.0053585098239346774,0.003827507017096198,0,0.004337841286042358,0.022199540699157947,3919,2711,1208
55079002400,"Census Tract 24, Milwaukee County, Wisconsin","list(list(c(-87.960076, -87.956443, -87.954001, -87.949946, -87.946469, -87.946503, -87.946503, -87.946543, -87.946655, -87.94637, -87.945479, -87.94372, -87.945351, -87.94577, -87.946757, -87.949161, -87.953009, -87.954414, -87.956558, -87.956812, -87.95658, -87.956546, -87.957777, -87.95774, -87.956907, -87.96108, -87.960076, 43.111936, 43.11192, 43.111895, 43.111854, 43.111819, 43.1104, 43.109769, 43.108381, 43.104498, 43.103965, 43.102238, 43.098933, 43.098957, 43.100821, 43.100834, 43.100836, 
43.100854, 43.100617, 43.100761, 43.10076, 43.104613, 43.106413, 43.106418, 43.108257, 43.108251, 43.111941, 43.111936)))",0.04093023255813953,0.029767441860465118,0.8702325581395349,0.0018604651162790699,0.012093023255813953,0,0.011162790697674419,0.03395348837209302,2150,1440,710
55079002500,"Census Tract 25, Milwaukee County, Wisconsin","list(list(c(-87.966411, -87.965033, -87.963324, -87.96108, -87.956907, -87.95774, -87.957777, -87.956546, -87.95658, -87.957927, -87.962731, -87.966527, -87.966411, 43.111963, 43.111957, 43.11195, 43.111941, 43.108251, 43.108257, 43.106418, 43.106413, 43.104613, 43.104615, 43.104618, 43.104621, 43.111963)))",0.049485546300832926,0.050955414012738856,0.8383145516903479,0.007349338559529643,0.007839294463498285,9.799118079372856e-4,0.007349338559529643,0.037726604605585495,2041,1297,744
55079002600,"Census Tract 26, Milwaukee County, Wisconsin","list(list(c(-87.96696, -87.966911, -87.966815, -87.966797, -87.966527, -87.962731, -87.957927, -87.95658, -87.956812, -87.958329, -87.957575, -87.956814, -87.956846, -87.958111, -87.959891, -87.961673, -87.966991, -87.96696, 43.097414, 43.098951, 43.102572, 43.103403, 43.104621, 43.104618, 43.104615, 43.104613, 43.10076, 43.10076, 43.098946, 43.09692, 43.096538, 43.096521, 43.096523, 43.096646, 43.09685, 43.097414)))",0.057540428732606244,0.033471229785633695,0.8679954870251975,0.0026325686348251222,0.00376081233546446,0,7.52162467092892e-4,0.03384731101918014,2659,1681,978
55079002700,"Census Tract 27, Milwaukee County, Wisconsin","list(list(c(-87.976839, -87.976823, -87.97672, -87.976542, -87.973961, -87.973198, -87.971458, -87.970284, -87.966527, -87.966797, -87.966815, -87.966911, -87.96696, -87.966991, -87.972214, -87.973405, -87.976888, -87.976839, 43.09923, 43.099917, 43.103911, 43.104653, 43.104644, 43.104642, 43.104636, 43.104633, 43.104621, 43.103403, 43.102572, 43.098951, 43.097414, 43.09685, 43.09688, 43.097198, 43.097208, 43.09923)))",0.04334677419354839,0.05846774193548387,0.8210685483870968,0.005040322580645161,0.023185483870967742,0.0010080645161290322,0.0025201612903225806,0.04536290322580645,1984,1241,743
55079002800,"Census Tract 28, Milwaukee County, Wisconsin","list(list(c(-87.976407, -87.976319, -87.971314, -87.968933, -87.966411, -87.966527, -87.970284, -87.971458, -87.973198, -87.973961, -87.976542, -87.976407, 43.105186, 43.111991, 43.111977, 43.111971, 43.111963, 43.104621, 43.104633, 43.104636, 43.104642, 43.104644, 43.104653, 43.105186)))",0.04054691183404055,0.05752003771805752,0.8081093823668081,0.006129184347006129,0.04714757190004715,0,0.003771805752003772,0.036775106082036775,2121,1355,766
55079002900,"Census Tract 29, Milwaukee County, Wisconsin","list(list(c(-87.986308, -87.986191, -87.984953, -87.981253, -87.976319, -87.976407, -87.976542, -87.981359, -87.986487, -87.986308, 43.105665, 43.112036, 43.11203, 43.112013, 43.111991, 43.105186, 43.104653, 43.104677, 43.104713, 43.105665)))",0.04193849021435228,0.07455731593662628,0.7730661696178938,0.001863932898415657,0.07036346691519105,0,0.002329916123019571,0.0358807082945014,2146,1305,841
55079003600,"Census Tract 36, Milwaukee County, Wisconsin","list(list(c(-87.98952, -87.989362, -87.987445, -87.986769, -87.986775, -87.985508, -87.976888, -87.977049, -87.977058, -87.977061, -87.977099, -87.980912, -87.9832, -87.985252, -87.986975, -87.989543, -87.98952, 43.090031, 43.097262, 43.097263, 43.097261, 43.096896, 43.09708, 43.097208, 43.090348, 43.089958, 43.089817, 43.088018, 43.088061, 43.088928, 43.088178, 43.08811, 43.088104, 43.090031)))",0.040070713022981735,0.06776664702416028,0.8350029463759576,0.002357100766057749,0.020035356511490868,5.892751915144372e-4,0.005303476723629935,0.028874484384207425,1697,1209,488
55079003800,"Census Tract 38, Milwaukee County, Wisconsin","list(list(c(-87.977136, -87.977099, -87.977061, -87.977058, -87.974716, -87.97349, -87.972359, -87.971146, -87.968527, -87.967007, -87.967204, -87.967235, -87.970897, -87.974545, -87.97467, -87.977211, -87.977136, 43.086222, 43.088018, 43.089817, 43.089958, 43.089945, 43.089922, 43.08992, 43.089922, 43.089902, 43.089884, 43.084261, 43.082507, 43.082529, 43.082551, 43.082552, 43.082567, 43.086222)))",0.043689320388349516,0.05679611650485437,0.8514563106796117,0.002912621359223301,0.015533980582524271,9.70873786407767e-4,0.003883495145631068,0.02475728155339806,2060,1447,613
55079003900,"Census Tract 39, Milwaukee County, Wisconsin","list(list(c(-87.967204, -87.967007, -87.962142, -87.95836, -87.95709, -87.957146, -87.957169, -87.957194, -87.96316, -87.967235, -87.967204, 43.084261, 43.089884, 43.089902, 43.08992, 43.089917, 43.085958, 43.084333, 43.082523, 43.082514, 43.082507, 43.084261)))",0.03556242752222652,0.028991109393119444,0.8917665249323541,0.004252029377657518,0.008117510630073444,0,0.003865481252415926,0.027444916892153073,2587,1804,783
55079004000,"Census Tract 40, Milwaukee County, Wisconsin","list(list(c(-87.977049, -87.976888, -87.973405, -87.972214, -87.966991, -87.967039, -87.967007, -87.968527, -87.971146, -87.972359, -87.97349, -87.974716, -87.977058, -87.977049, 43.090348, 43.097208, 43.097198, 43.09688, 43.09685, 43.093413, 43.089884, 43.089902, 43.089922, 43.08992, 43.089922, 43.089945, 43.089958, 43.090348)))",0.01818181818181818,0.029494949494949494,0.9103030303030303,0.00202020202020202,0.01575757575757576,0,0.0044444444444444444,0.019797979797979797,2475,1539,936
55079004100,"Census Tract 41, Milwaukee County, Wisconsin","list(list(c(-87.967039, -87.966991, -87.961673, -87.959891, -87.958111, -87.956846, -87.956814, -87.957575, -87.958329, -87.956812, -87.956558, -87.954414, -87.953009, -87.95045, -87.950514, -87.948141, -87.946873, -87.946932, -87.947007, -87.95709, -87.95836, -87.962142, -87.967007, -87.967039, 43.093413, 43.09685, 43.096646, 43.096523, 43.096521, 43.096538, 43.09692, 43.098946, 43.10076, 43.10076, 43.100761, 43.100617, 43.100854, 43.099398, 43.09515, 43.095159, 43.095161, 43.092812, 43.089802, 
43.089917, 43.08992, 43.089902, 43.089884, 43.093413)))",0.05054151624548736,0.029683112715603692,0.8648215002005616,0.002807862013638187,0.011632571199358203,0,8.022462896109105e-4,0.039711191335740074,2493,1612,881
55079004200,"Census Tract 42, Milwaukee County, Wisconsin","list(list(c(-87.953009, -87.949161, -87.946757, -87.94577, -87.945351, -87.94372, -87.9419, -87.940613, -87.938801, -87.93947, -87.942007, -87.94354, -87.944721, -87.94574, -87.947007, -87.946932, -87.946873, -87.948141, -87.950514, -87.95045, -87.953009, 43.100854, 43.100836, 43.100834, 43.100821, 43.098957, 43.098933, 43.095459, 43.092894, 43.089634, 43.089648, 43.0897, 43.089731, 43.089755, 43.089776, 43.089802, 43.092812, 43.095161, 43.095159, 43.09515, 43.099398, 43.100854)))",0.03718854592785422,0.017850502045370024,0.9044254369654147,0.0014875418371141688,0.001859427296392711,0,0.004090740052063964,0.033097805875790254,2689,1801,888
55079004300,"Census Tract 43, Milwaukee County, Wisconsin","list(list(c(-87.94637, -87.942862, -87.927975, -87.927655, -87.927036, -87.925061, -87.922071, -87.921837, -87.917069, -87.919044, -87.917113, -87.917123, -87.917192, -87.921651, -87.92185, -87.923388, -87.924613, -87.927095, -87.929575, -87.930801, -87.932067, -87.93446, -87.937055, -87.938801, -87.940613, -87.9419, -87.94372, -87.945479, -87.94637, 43.103965, 43.102847, 43.098061, 43.097959, 43.097758, 43.094568, 43.094545, 43.094542, 43.095253, 43.094795, 43.093005, 43.092543, 43.089307, 43.089338, 
43.089341, 43.089354, 43.089363, 43.089382, 43.089437, 43.089464, 43.089491, 43.089543, 43.089599, 43.089634, 43.092894, 43.095459, 43.098933, 43.102238, 43.103965)))",0.03508416142770229,0.029203001419590348,0.8969783005475562,0.0012167917258162643,0.0022307848306631515,0,0.002027986209693774,0.0332589738389779,4931,3399,1532
55079004500,"Census Tract 45, Milwaukee County, Wisconsin","list(list(c(-87.927256, -87.927095, -87.924613, -87.923388, -87.92185, -87.921651, -87.917192, -87.917302, -87.917402, -87.918385, -87.919274, -87.920602, -87.92238, -87.923624, -87.924846, -87.926081, -87.927302, -87.927256, 43.083404, 43.089382, 43.089363, 43.089354, 43.089341, 43.089338, 43.089307, 43.085519, 43.082098, 43.081712, 43.081616, 43.081627, 43.081642, 43.081652, 43.081662, 43.081672, 43.081674, 43.083404)))",0.03946764570904084,0.01698026617714548,0.9068379990821478,4.589261128958238e-4,0.0032124827902707664,0,0.0013767783386874712,0.03166590178981184,2179,1401,778
55079004600,"Census Tract 46, Milwaukee County, Wisconsin","list(list(c(-87.937166, -87.93716, -87.937055, -87.93446, -87.932067, -87.930801, -87.929575, -87.927095, -87.927256, -87.927302, -87.929767, -87.930987, -87.933429, -87.934552, -87.934834, -87.937215, -87.937166, 43.084543, 43.084826, 43.089599, 43.089543, 43.089491, 43.089464, 43.089437, 43.089382, 43.083404, 43.081674, 43.081718, 43.081742, 43.081789, 43.08181, 43.082314, 43.082363, 43.084543)))",0.021990309355199404,0.017517704062616473,0.9213566902720834,0.002981736861721953,0.00633619083115915,7.454342154304882e-4,0.004845322400298174,0.024226612001490868,2683,1826,857
55079004700,"Census Tract 47, Milwaukee County, Wisconsin","list(list(c(-87.957194, -87.957169, -87.957146, -87.95709, -87.947007, -87.94574, -87.944721, -87.94354, -87.942007, -87.93947, -87.938801, -87.937055, -87.93716, -87.937166, -87.937215, -87.939694, -87.941103, -87.942195, -87.94369, -87.945897, -87.947137, -87.94718, -87.949686, -87.95331, -87.957216, -87.957194, 43.082523, 43.084333, 43.085958, 43.089917, 43.089802, 43.089776, 43.089755, 43.089731, 43.0897, 43.089648, 43.089634, 43.089599, 43.084826, 43.084543, 43.082363, 43.08241, 43.082437, 43.082458, 
43.082486, 43.082538, 43.083506, 43.081147, 43.081151, 43.081139, 43.081127, 43.082523)))",0.018338427340928037,0.012225618227285358,0.9313698249513754,0.0011114198388441233,0.004167824395665463,0,0.0027785495971103086,0.03000833564879133,3599,2496,1103
55079004800,"Census Tract 48, Milwaukee County, Wisconsin","list(list(c(-87.967366, -87.967334, -87.967296, -87.967235, -87.96316, -87.957194, -87.957216, -87.957247, -87.95728, -87.957334, -87.95736, -87.964475, -87.967418, -87.967366, 43.075192, 43.076992, 43.07912, 43.082507, 43.082514, 43.082523, 43.081127, 43.079115, 43.077021, 43.073368, 43.071558, 43.071544, 43.071546, 43.075192)))",0.03716312056737588,0.028368794326241134,0.8927659574468085,0.0022695035460992908,0.004822695035460993,0,0.0070921985815602835,0.0275177304964539,3525,2365,1160
55079005100,"Census Tract 51, Milwaukee County, Wisconsin","list(list(c(-88.007319, -88.007298, -88.007237, -88.007235, -88.00415, -88.00302, -87.999448, -87.99826, -87.995832, -87.994602, -87.98952, -87.989543, -87.989635, -87.987134, -87.987324, -87.992382, -87.997298, -88.001287, -88.00736, -88.007319, 43.082623, 43.084448, 43.089836, 43.089993, 43.090011, 43.090006, 43.090013, 43.090023, 43.090033, 43.090033, 43.090031, 43.088104, 43.082664, 43.082668, 43.075361, 43.075363, 43.075364, 43.075347, 43.077925, 43.082623)))",0.029088750371029978,0.10151380231522707,0.7770851884832295,0.0017809439002671415,0.046898189373701396,0,0.0050460077174235675,0.0385871178391214,3369,2348,1021
55079006300,"Census Tract 63, Milwaukee County, Wisconsin","list(list(c(-87.957334, -87.95728, -87.957247, -87.957216, -87.95331, -87.949686, -87.94718, -87.947259, -87.947293, -87.947317, -87.947341, -87.949823, -87.952721, -87.953948, -87.95736, -87.957334, 43.073368, 43.077021, 43.079115, 43.081127, 43.081139, 43.081151, 43.081147, 43.077015, 43.07523, 43.073388, 43.071577, 43.071572, 43.071568, 43.071565, 43.071558, 43.073368)))",0.03612565445026178,0.01780104712041885,0.9052356020942408,0,0.002617801047120419,0.0010471204188481676,0.005759162303664921,0.031413612565445025,1910,1246,664
55079006400,"Census Tract 64, Milwaukee County, Wisconsin","list(list(c(-87.947317, -87.947293, -87.947259, -87.945994, -87.944752, -87.942278, -87.938756, -87.937331, -87.937354, -87.937368, -87.937396, -87.937425, -87.942395, -87.947341, -87.947317, 43.073388, 43.07523, 43.077015, 43.076995, 43.076975, 43.076936, 43.076879, 43.076834, 43.075767, 43.075077, 43.073242, 43.071436, 43.071497, 43.071577, 43.073388)))",0.05198776758409786,0.014780835881753314,0.8837920489296636,0.003567787971457696,0.00764525993883792,0,0.013251783893985729,0.024974515800203875,1962,1202,760
55079006500,"Census Tract 65, Milwaukee County, Wisconsin","list(list(c(-87.94718, -87.947137, -87.945897, -87.94369, -87.942195, -87.941103, -87.939694, -87.937215, -87.937331, -87.938756, -87.942278, -87.944752, -87.945994, -87.947259, -87.94718, 43.081147, 43.083506, 43.082538, 43.082486, 43.082458, 43.082437, 43.08241, 43.082363, 43.076834, 43.076879, 43.076936, 43.076975, 43.076995, 43.077015, 43.081147)))",0.029980657640232108,0.016924564796905222,0.9119922630560928,0.004835589941972921,0.008220502901353965,0,0.004352030947775629,0.023694390715667313,2068,1310,758
55079015700,"Census Tract 157, Milwaukee County, Wisconsin","list(list(c(-87.933002, -87.932998, -87.932995, -87.932992, -87.93304, -87.926732, -87.922532, -87.922542, -87.922538, -87.922531, -87.925351, -87.926753, -87.930541, -87.933062, -87.933002, 43.020138, 43.021155, 43.022181, 43.02299, 43.024228, 43.024241, 43.024221, 43.023221, 43.021194, 43.019106, 43.019103, 43.019102, 43.019091, 43.019095, 43.020138)))",0.7920489296636085,0.09650016989466531,0.07237512742099898,0.004417261297995243,0.018688413183826028,0,0.0037376826367652057,0.012232415902140673,2943,429,2514
55079015800,"Census Tract 158, Milwaukee County, Wisconsin","list(list(c(-87.942244, -87.94224, -87.942242, -87.938084, -87.93304, -87.932992, -87.932995, -87.932998, -87.933002, -87.933062, -87.936814, -87.938098, -87.94225, -87.942244, 43.021129, 43.022513, 43.0242, 43.024223, 43.024228, 43.02299, 43.022181, 43.021155, 43.020138, 43.019095, 43.019102, 43.019104, 43.019095, 43.021129)))",0.7168377042949449,0.10224249334853668,0.12960851387305208,0.002280501710376283,0.02508551881413911,7.601672367920942e-4,0.002280501710376283,0.02090459901178259,2631,521,2110
55079015900,"Census Tract 159, Milwaukee County, Wisconsin","list(list(c(-87.952643, -87.950276, -87.947799, -87.942242, -87.94224, -87.942244, -87.94225, -87.943637, -87.946408, -87.949107, -87.952583, -87.952581, -87.952643, 43.023837, 43.024027, 43.02417, 43.0242, 43.022513, 43.021129, 43.019095, 43.019091, 43.019085, 43.01907, 43.019054, 43.021908, 43.023837)))",0.684958217270195,0.12952646239554316,0.11671309192200557,0.010027855153203343,0.030083565459610027,5.571030640668524e-4,0.003064066852367688,0.025069637883008356,3590,855,2735
55079016200,"Census Tract 162, Milwaukee County, Wisconsin","list(list(c(-87.952585, -87.952583, -87.949107, -87.946408, -87.943637, -87.94225, -87.942236, -87.942279, -87.94367, -87.945052, -87.947766, -87.947894, -87.950328, -87.952709, -87.952585, 43.016929, 43.019054, 43.01907, 43.019085, 43.019091, 43.019095, 43.017023, 43.014172, 43.014168, 43.014165, 43.014147, 43.014145, 43.01412, 43.014111, 43.016929)))",0.6814320388349514,0.1729368932038835,0.04975728155339806,0.006674757281553398,0.06128640776699029,9.101941747572816e-4,0.003337378640776699,0.02366504854368932,3296,775,2521
55079016300,"Census Tract 163, Milwaukee County, Wisconsin","list(list(c(-87.942279, -87.942236, -87.94225, -87.938098, -87.936814, -87.933062, -87.932912, -87.932933, -87.932954, -87.932999, -87.933006, -87.933057, -87.935339, -87.93648, -87.938167, -87.940915, -87.942297, -87.942279, 43.014172, 43.017023, 43.019095, 43.019104, 43.019102, 43.019095, 43.01702, 43.016018, 43.015744, 43.014246, 43.014012, 43.012331, 43.01235, 43.012359, 43.012385, 43.012424, 43.012444, 43.014172)))",0.7405314919439213,0.09060472902280813,0.09646369533375183,0.0052312199204854574,0.04080351537978657,2.092487968194183e-4,0.003766478342749529,0.022389621259677757,4779,783,3996
55079016400,"Census Tract 164, Milwaukee County, Wisconsin","list(list(c(-87.933062, -87.930541, -87.926753, -87.925351, -87.922531, -87.922525, -87.922635, -87.925453, -87.926858, -87.928026, -87.932999, -87.932954, -87.932933, -87.932912, -87.933062, 43.019095, 43.019091, 43.019102, 43.019103, 43.019106, 43.017041, 43.014141, 43.01414, 43.014186, 43.014227, 43.014246, 43.015744, 43.016018, 43.01702, 43.019095)))",0.7800947867298578,0.07132701421800948,0.08530805687203792,0.00971563981042654,0.03601895734597156,4.7393364928909954e-4,0.0037914691943127963,0.013270142180094787,4220,631,3589
55079016500,"Census Tract 165, Milwaukee County, Wisconsin","list(list(c(-87.922525, -87.922531, -87.919669, -87.918239, -87.916753, -87.911252, -87.907379, -87.907385, -87.903302, -87.902394, -87.903557, -87.90591, -87.907107, -87.90834, -87.90851, -87.909813, -87.911168, -87.911173, -87.916234, -87.918474, -87.919808, -87.922635, -87.922525, 43.017041, 43.019106, 43.019109, 43.019089, 43.019085, 43.01908, 43.020069, 43.019605, 43.019473, 43.017548, 43.014337, 43.010072, 43.008824, 43.008273, 43.008589, 43.011044, 43.013641, 43.014158, 43.014158, 43.014173, 
43.014141, 43.014141, 43.017041)))",0.7519051651143099,0.1121930567315834,0.08086367485182049,0.01143099068585944,0.01989839119390347,0,0.0046570702794242165,0.01905165114309907,2362,424,1938
55079016600,"Census Tract 166, Milwaukee County, Wisconsin","list(list(c(-87.918658, -87.918585, -87.91854, -87.918474, -87.916234, -87.911173, -87.911168, -87.909813, -87.90851, -87.90834, -87.90713, -87.908885, -87.914269, -87.916251, -87.918698, -87.918658, 43.008294, 43.011031, 43.012324, 43.014173, 43.014158, 43.014158, 43.013641, 43.011044, 43.008589, 43.008273, 43.006497, 43.006501, 43.006491, 43.006355, 43.006473, 43.008294)))",0.6300512236767217,0.1707455890722823,0.15139442231075698,0.003414911781445646,0.0221969265793967,0,0.005122367672168469,0.01707455890722823,1757,482,1275
55079016700,"Census Tract 167, Milwaukee County, Wisconsin","list(list(c(-87.925734, -87.925659, -87.925602, -87.925522, -87.925453, -87.922635, -87.919808, -87.918474, -87.91854, -87.918585, -87.918658, -87.918698, -87.921442, -87.925734, -87.925734, 43.006467, 43.008293, 43.010159, 43.012291, 43.01414, 43.014141, 43.014141, 43.014173, 43.012324, 43.011031, 43.008294, 43.006473, 43.00647, 43.006452, 43.006467)))",0.7071290944123314,0.09794476557482337,0.11046885035324341,0.008349389852280027,0.04816955684007707,0,0.0032113037893384713,0.02472703917790623,3114,650,2464
55079016800,"Census Tract 168, Milwaukee County, Wisconsin","list(list(c(-87.933172, -87.933079, -87.933057, -87.933006, -87.932999, -87.928026, -87.926858, -87.925453, -87.925522, -87.925602, -87.925659, -87.925734, -87.929688, -87.933234, -87.933172, 43.008376, 43.010192, 43.012331, 43.014012, 43.014246, 43.014227, 43.014186, 43.01414, 43.012291, 43.010159, 43.008293, 43.006467, 43.006489, 43.006548, 43.008376)))",0.7824793388429752,0.07008264462809917,0.08760330578512397,0.004297520661157025,0.036694214876033054,0,0.002644628099173554,0.016198347107438015,3025,393,2632
55079016900,"Census Tract 169, Milwaukee County, Wisconsin","list(list(c(-87.942346, -87.942309, -87.942297, -87.940915, -87.938167, -87.93648, -87.935339, -87.933057, -87.933079, -87.933172, -87.933234, -87.935415, -87.93816, -87.94233, -87.94177, -87.942373, -87.942346, 43.010339, 43.011266, 43.012444, 43.012424, 43.012385, 43.012359, 43.01235, 43.012331, 43.010192, 43.008376, 43.006548, 43.006584, 43.006638, 43.006677, 43.007749, 43.008521, 43.010339)))",0.7541198012032435,0.11064608945854042,0.07507193303688203,0.008108815066701544,0.019879675647397333,0,0.0034004708344232276,0.02877321475281193,3823,654,3169
55079017000,"Census Tract 170, Milwaukee County, Wisconsin","list(list(c(-87.952787, -87.952709, -87.950328, -87.947894, -87.947766, -87.945052, -87.94367, -87.942279, -87.942297, -87.942309, -87.942346, -87.942373, -87.94177, -87.94233, -87.947931, -87.948044, -87.952886, -87.952787, 43.01035, 43.014111, 43.01412, 43.014145, 43.014147, 43.014165, 43.014168, 43.014172, 43.012444, 43.011266, 43.010339, 43.008521, 43.007749, 43.006677, 43.006759, 43.006759, 43.006709, 43.01035)))",0.7510970686326136,0.13112164296998421,0.05529225908372828,0.007723363173600141,0.036510444093382485,0,0.002984026680709145,0.015271195365982097,5697,1054,4643
55079017300,"Census Tract 173, Milwaukee County, Wisconsin","list(list(c(-87.952955, -87.952921, -87.952886, -87.948044, -87.947931, -87.94233, -87.943046, -87.944036, -87.944533, -87.948192, -87.948171, -87.95296, -87.952955, 43.003101, 43.00488, 43.006709, 43.006759, 43.006759, 43.006677, 43.005305, 43.003408, 43.003112, 43.000803, 42.999564, 42.99947, 43.003101)))",0.7868321640582838,0.13680518078791148,0.028332433890987586,0.005126821370750135,0.01807879114948732,8.094981111710739e-4,0.0013491635186184566,0.02266594711279007,3706,576,3130
55079017400,"Census Tract 174, Milwaukee County, Wisconsin","list(list(c(-87.944036, -87.943046, -87.94233, -87.93816, -87.935415, -87.933234, -87.933296, -87.933369, -87.935538, -87.938251, -87.944533, -87.944036, 43.003408, 43.005305, 43.006677, 43.006638, 43.006584, 43.006548, 43.004724, 43.002934, 43.00297, 43.003014, 43.003112, 43.003408)))",0.7275886031966643,0.13134120917303682,0.07922168172341904,0.010771369006254344,0.03161917998610146,6.949270326615705e-4,0.0017373175816539264,0.017025712300208478,2878,546,2332
55079017500,"Census Tract 175, Milwaukee County, Wisconsin","list(list(c(-87.933427, -87.933369, -87.933296, -87.933234, -87.929688, -87.925734, -87.925734, -87.926039, -87.926075, -87.926117, -87.929906, -87.933538, -87.933427, 43.000132, 43.002934, 43.004724, 43.006548, 43.006489, 43.006467, 43.006452, 43.002846, 43.001264, 42.999201, 42.999214, 42.999273, 43.000132)))",0.7419434804164601,0.10114030738720872,0.08230044620723848,0.005701536936043629,0.042637580565195836,4.957858205255329e-4,0.001487357461576599,0.024293505205751114,4034,686,3348
55079017600,"Census Tract 176, Milwaukee County, Wisconsin","list(list(c(-87.926075, -87.926039, -87.925734, -87.921442, -87.918698, -87.918798, -87.918807, -87.918845, -87.923695, -87.924906, -87.926117, -87.926075, 43.001264, 43.002846, 43.006452, 43.00647, 43.006473, 43.001784, 43.00126, 42.99917, 42.999203, 42.999202, 42.999201, 43.001264)))",0.731951393852752,0.12580414581844174,0.06290207290922087,0.008934953538241601,0.048248749106504646,0,0.0035739814152966403,0.01858470335954253,2798,508,2290
55079186500,"Census Tract 1865, Milwaukee County, Wisconsin","list(list(c(-87.922542, -87.922532, -87.921394, -87.918226, -87.917382, -87.91681, -87.911027, -87.906605, -87.905316, -87.90499, -87.90296, -87.902796, -87.902376, -87.902844, -87.904729, -87.903302, -87.907385, -87.907379, -87.911252, -87.916753, -87.918239, -87.919669, -87.922531, -87.922538, -87.922542, 43.023221, 43.024221, 43.02632, 43.026314, 43.026687, 43.027374, 43.027354, 43.027089, 43.02769, 43.027965, 43.025633, 43.025492, 43.025129, 43.024665, 43.022958, 43.019473, 43.019605, 43.020069, 
43.01908, 43.019085, 43.019089, 43.019109, 43.019106, 43.021194, 43.023221)))",0.4397834912043302,0.33558863328822736,0.15200721695985567,0.007668019846639603,0.016689219666215605,0,0.004961659900766802,0.04330175913396482,2217,988,1229
55079186600,"Census Tract 1866, Milwaukee County, Wisconsin","list(list(c(-87.918872, -87.918845, -87.918807, -87.918798, -87.918698, -87.916251, -87.914269, -87.908885, -87.90713, -87.90554, -87.908806, -87.908968, -87.909001, -87.909113, -87.909355, -87.910636, -87.911118, -87.912282, -87.912491, -87.916926, -87.918898, -87.918872, 42.997643, 42.99917, 43.00126, 43.001784, 43.006473, 43.006355, 43.006491, 43.006501, 43.006497, 43.004529, 43.002884, 43.002883, 43.001427, 42.999278, 42.998195, 42.995202, 42.99416, 42.996519, 42.996923, 42.995163, 42.996344, 
42.997643)))",0.5463203463203463,0.31212121212121213,0.08744588744588745,0.006493506493506494,0.012554112554112554,8.658008658008658e-4,0.005627705627705628,0.02857142857142857,2310,817,1493
55079186800,"Census Tract 1868, Milwaukee County, Wisconsin","list(list(c(-87.982601, -87.979186, -87.972819, -87.968416, -87.967244, -87.965204, -87.957744, -87.957744, -87.952296, -87.947755, -87.947754, -87.947747, -87.947742, -87.946384, -87.944827, -87.932933, -87.928206, -87.923541, -87.923744, -87.923105, -87.920514, -87.918758, -87.918758, -87.918689, -87.918414, -87.918186, -87.918201, -87.917382, -87.918226, -87.921394, -87.922532, -87.926732, -87.93304, -87.938084, -87.942242, -87.947799, -87.950276, -87.952643, -87.95386, -87.957684, -87.962294, 
-87.962351, -87.969384, -87.969505, -87.973707, -87.977969, -87.979178, -87.982393, -87.9824, -87.982464, -87.982601, 43.030391, 43.030683, 43.032496, 43.033058, 43.033097, 43.031501, 43.031011, 43.03106, 43.031225, 43.032717, 43.034019, 43.034264, 43.034781, 43.034779, 43.034776, 43.034756, 43.034745, 43.034716, 43.035442, 43.035419, 43.035581, 43.035606, 43.034694, 43.033222, 43.03028, 43.02953, 43.027715, 43.026687, 43.026314, 43.02632, 43.024221, 43.024241, 43.024228, 43.024223, 43.0242, 43.02417, 
43.024027, 43.023837, 43.023718, 43.023692, 43.02343, 43.024165, 43.024157, 43.0207, 43.019942, 43.019188, 43.018976, 43.018384, 43.020064, 43.024126, 43.030391)))",0.39631336405529954,0.2862903225806452,0.25172811059907835,0.004032258064516129,0.01555299539170507,0.002880184331797235,0.004032258064516129,0.03917050691244239,1736,865,871
